job,website,company,salary
"mes高级研发工程师&nbsp;<a href=""http://e.zhaopin.com/products/1/detail.do"" target=""_blank"" title=""点击“顶”字，了解更多""><img src=""/assets/images/top.png"" border=""0""   align=""absmiddle"">&nbsp;<img src=""/assets/images/jp.gif"" border=""0"" align=""absmiddle"">",http://special.zhaopin.com/pagepublish/64781/index.html,北京发那科机电有限公司,面议
python后端开发工程师,http://company.zhaopin.com/CZ563172130.htm,北京知呱呱科技服务有限公司,20000-25000
Python（懂C语言）开发工程师,http://company.zhaopin.com/CC547535726.htm,北京容天汇海科技有限公司,8001-10000
Python实习生,http://company.zhaopin.com/CC567369733.htm,北京欣如信科技有限公司,4001-6000
Python开发实习（接受零基础）,http://company.zhaopin.com/CC567369733.htm,北京欣如信科技有限公司,8001-10000
Python研发工程师,http://company.zhaopin.com/CC284830235.htm,小安(北京)科技有限公司,8001-10000
Python项目经理,http://special.zhaopin.com/pagepublish/18796562/index.html,北京八维研修学院,18000-35000
linux运维工程师（熟练python）,http://company.zhaopin.com/CC311289936.htm,北京云纵信息技术有限公司,18000-28000
Python老师,http://company.zhaopin.com/P9/CC1345/0348/CC134503487.htm,北京华信智原教育技术有限公司,15001-20000
python开发工程师 [北京],http://company.zhaopin.com/CC562114535.htm,深圳市源极光科技有限公司,15000-20000
高级python开发工程师,http://company.zhaopin.com/CC293900482.htm,中创三优(北京)科技有限公司,15000-30000
后端工程师/Python工程师,http://company.zhaopin.com/CC514689632.htm,广州胖虾网络科技有限公司,4001-6000
Python开发工程师待遇从优,http://company.zhaopin.com/CC444406089.htm,广州百单网互联网科技有限公司,4001-6000
Python开发工程师待遇从优,http://company.zhaopin.com/CC540049933.htm,北京玖易创新网络科技有限公司,4001-6000
Python开发工程师待遇从优,http://company.zhaopin.com/CC540062934.htm,北京升凯网络科技有限公司,4001-6000
Python讲师 (MJ003642),http://special.zhaopin.com/bj/2010/Dn092512/index.html,达内时代科技集团有限公司,15000-30000
python开发,http://company.zhaopin.com/CC508620126.htm,中软国际科技服务有限公司,面议
python技术总监,http://company.zhaopin.com/CZ390261410.htm,北京千锋互联科技有限公司,50000-80000
Python讲师,http://company.zhaopin.com/CZ390261410.htm,北京千锋互联科技有限公司,15000-25000
计算机（python语言）编程讲师,http://company.zhaopin.com/P2/CC1201/4741/CC120147419.htm,北京东亚国际技术培训中心,8001-10000
python高级软件工程师-爬虫方向,http://company.zhaopin.com/CC405728887.htm,北京商状元科技有限公司,15001-20000
核心业务部门_Python工程师,http://company.zhaopin.com/CC120747254.htm,北京思特奇信息技术股份有限公司,8001-10000
云方向业务部门_Python开发工程师,http://company.zhaopin.com/CC120747254.htm,北京思特奇信息技术股份有限公司,10001-15000
Python开发工程师,http://company.zhaopin.com/P9/CC0006/4518/CC000645187.htm,普天信息技术有限公司,8000-15000
Python开发工程师,http://company.zhaopin.com/CC596626722.htm,开网科技(北京)有限公司,10001-15000
中级Python WEB工程师（SAAS方向）,http://company.zhaopin.com/CC320449689.htm,易思互动(北京)科技有限公司,12000-18000
Python工程师【坐标郑州】,http://company.zhaopin.com/CC319483532.htm,河南奇酷信息技术有限公司,10001-15000
python全栈工程师,http://company.zhaopin.com/CC338692835.htm,泛测(北京)环境科技有限公司,15000-25000
高级Python开发工程师,http://company.zhaopin.com/CC410905536.htm,陪我欢乐(北京)科技有限公司,20001-30000
Python开发工程师（北京）,http://company.zhaopin.com/CZ544024680.htm,深圳市前海谷雨网络科技有限公司,10000-20000
中级Python开发工程师,http://company.zhaopin.com/CC320489439.htm,北京赛宁网安科技有限公司,15001-20000
Python研发工程师,http://company.zhaopin.com/CC230215017.htm,创盛视联数码科技(北京)有限公司,15000-30000
高级python工程师（北京）,http://company.zhaopin.com/CC491469330D90250081000.htm,深圳码隆科技有限公司,25000-40000
Python软件工程师（仪器研发类）,http://company.zhaopin.com/CC566441529.htm,卡尤迪生物科技(北京)有限公司,15001-20000
Python开发工程师,http://company.zhaopin.com/CZ492400930.htm,北京缔联科技有限公司,8000-15000
Python中级研发工程师,http://special.zhaopin.com/pagepublish/14994941/index.html,中铁信息工程集团有限公司,14000-23000
python/php/java 研发工程师,http://company.zhaopin.com/CZ141423100.htm,北京社科赛斯教育科技有限公司,15000-18000
Python研发工程师,http://company.zhaopin.com/CC313785038.htm,上海诚信互通网络信息科技有限公司,15000-30000
python,http://company.zhaopin.com/CC596626722.htm,开网科技(北京)有限公司,10001-15000
Python web 开发工程师,http://company.zhaopin.com/CC000584532.htm,北京华胜天成科技股份有限公司,15001-20000
Python讲师,http://special.zhaopin.com/pagepublish/18796562/index.html,北京八维研修学院,10000-15000
Python工程师,http://company.zhaopin.com/%E5%8C%97%E4%BA%AC%E6%99%BA%E6%85%A7%E6%98%9F%E5%85%89%E4%BF%A1%E6%81%AF%E6%8A%80%E6%9C%AF%E6%9C%89%E9%99%90%E5%85%AC%E5%8F%B8_CC467352913.htm,北京智慧星光信息技术有限公司,20000-25000
中级python工程师,http://company.zhaopin.com/CC261124189.htm,北京超萌国际文化有限公司,20001-30000
Python讲师,http://company.zhaopin.com/P2/CC1210/1711/CC121017111.htm,北京八维教育集团,10000-15000
Python工程师,http://company.zhaopin.com/CC273511830.htm,零氪信息技术(北京)有限公司,15001-20000
后端工程师（Python）,http://company.zhaopin.com/CC317243584.htm,北京美洽网络科技有限公司,15001-20000
算法工程师（Java/Scala/Python/R方向）,http://company.zhaopin.com/CC213935487.htm,北京中能博泰科技有限公司,15001-20000
python开发,http://company.zhaopin.com/CC596626722.htm,开网科技(北京)有限公司,10001-15000
python开发,http://company.zhaopin.com/CC596626722.htm,开网科技(北京)有限公司,10001-15000
童程金牌讲师--Java，Python (MJ003366),http://special.zhaopin.com/bj/2010/Dn092512/index.html,达内时代科技集团有限公司,15000-25000
Python开发工程师,http://company.zhaopin.com/CC293254787.htm,北京微步在线科技有限公司,15000-30000
python爬虫工程师,http://company.zhaopin.com/CZ392786180.htm,号外网,8000-15000
Python工程师,http://company.zhaopin.com/CC461164932.htm,北京氢元数据信息技术有限公司,6001-8000
Python-西二旗（联想）-ERP(1019),http://special.zhaopin.com/pagepublish/12053534/index.html,北京联想利泰软件有限公司,10001-15000
Python开发工程师,http://special.zhaopin.com/bj/2013/zkrk062859,中科软科技股份有限公司,8000-12000
Python数据工程师,http://company.zhaopin.com/CC320449689.htm,易思互动(北京)科技有限公司,12000-24000
高级Python WEB工程师（SAAS方向）,http://company.zhaopin.com/CC320449689.htm,易思互动(北京)科技有限公司,20000-35000
python爬虫工程师,http://company.zhaopin.com/CC421475684.htm,北京神州云合数据科技发展有限公司,10000-20000
python高级开发,http://company.zhaopin.com/CC339557937.htm,北京富邦智慧物联科技有限公司,10000-20000
Python开发工程师,http://company.zhaopin.com/CZ412756630.htm,领途教育咨询(北京)有限公司,10000-20000
"mes高级研发工程师&nbsp;<a href=""http://e.zhaopin.com/products/1/detail.do"" target=""_blank"" title=""点击“顶”字，了解更多""><img src=""/assets/images/top.png"" border=""0""   align=""absmiddle"">&nbsp;<img src=""/assets/images/jp.gif"" border=""0"" align=""absmiddle"">",http://special.zhaopin.com/pagepublish/64781/index.html,北京发那科机电有限公司,12000-18000
python后端开发工程师,http://company.zhaopin.com/CZ563172130.htm,北京知呱呱科技服务有限公司,20000-25000
Python（懂C语言）开发工程师,http://company.zhaopin.com/CC547535726.htm,北京容天汇海科技有限公司,8001-10000
Python实习生,http://company.zhaopin.com/CC567369733.htm,北京欣如信科技有限公司,4001-6000
Python开发实习（接受零基础）,http://company.zhaopin.com/CC567369733.htm,北京欣如信科技有限公司,8001-10000
Python研发工程师,http://company.zhaopin.com/CC284830235.htm,小安(北京)科技有限公司,8001-10000
Python项目经理,http://special.zhaopin.com/pagepublish/18796562/index.html,北京八维研修学院,18000-35000
linux运维工程师（熟练python）,http://company.zhaopin.com/CC311289936.htm,北京云纵信息技术有限公司,18000-28000
Python老师,http://company.zhaopin.com/P9/CC1345/0348/CC134503487.htm,北京华信智原教育技术有限公司,15001-20000
python开发工程师 [北京],http://company.zhaopin.com/CC562114535.htm,深圳市源极光科技有限公司,15000-20000
高级python开发工程师,http://company.zhaopin.com/CC293900482.htm,中创三优(北京)科技有限公司,15000-30000
后端工程师/Python工程师,http://company.zhaopin.com/CC514689632.htm,广州胖虾网络科技有限公司,4001-6000
Python开发工程师待遇从优,http://company.zhaopin.com/CC444406089.htm,广州百单网互联网科技有限公司,4001-6000
Python开发工程师待遇从优,http://company.zhaopin.com/CC540049933.htm,北京玖易创新网络科技有限公司,4001-6000
Python开发工程师待遇从优,http://company.zhaopin.com/CC540062934.htm,北京升凯网络科技有限公司,4001-6000
Python讲师 (MJ003642),http://special.zhaopin.com/bj/2010/Dn092512/index.html,达内时代科技集团有限公司,15000-30000
python开发,http://company.zhaopin.com/CC508620126.htm,中软国际科技服务有限公司,10001-15000
python技术总监,http://company.zhaopin.com/CZ390261410.htm,北京千锋互联科技有限公司,50000-80000
Python讲师,http://company.zhaopin.com/CZ390261410.htm,北京千锋互联科技有限公司,15000-25000
计算机（python语言）编程讲师,http://company.zhaopin.com/P2/CC1201/4741/CC120147419.htm,北京东亚国际技术培训中心,8001-10000
python高级软件工程师-爬虫方向,http://company.zhaopin.com/CC405728887.htm,北京商状元科技有限公司,15001-20000
核心业务部门_Python工程师,http://company.zhaopin.com/CC120747254.htm,北京思特奇信息技术股份有限公司,8001-10000
云方向业务部门_Python开发工程师,http://company.zhaopin.com/CC120747254.htm,北京思特奇信息技术股份有限公司,10001-15000
Python开发工程师,http://company.zhaopin.com/P9/CC0006/4518/CC000645187.htm,普天信息技术有限公司,8000-15000
Python开发工程师,http://company.zhaopin.com/CC596626722.htm,开网科技(北京)有限公司,10001-15000
中级Python WEB工程师（SAAS方向）,http://company.zhaopin.com/CC320449689.htm,易思互动(北京)科技有限公司,12000-18000
Python工程师【坐标郑州】,http://company.zhaopin.com/CC319483532.htm,河南奇酷信息技术有限公司,10001-15000
python全栈工程师,http://company.zhaopin.com/CC338692835.htm,泛测(北京)环境科技有限公司,15000-25000
高级Python开发工程师,http://company.zhaopin.com/CC410905536.htm,陪我欢乐(北京)科技有限公司,20001-30000
Python开发工程师（北京）,http://company.zhaopin.com/CZ544024680.htm,深圳市前海谷雨网络科技有限公司,10000-20000
中级Python开发工程师,http://company.zhaopin.com/CC320489439.htm,北京赛宁网安科技有限公司,15001-20000
Python研发工程师,http://company.zhaopin.com/CC230215017.htm,创盛视联数码科技(北京)有限公司,15000-30000
高级python工程师（北京）,http://company.zhaopin.com/CC491469330D90250081000.htm,深圳码隆科技有限公司,25000-40000
Python软件工程师（仪器研发类）,http://company.zhaopin.com/CC566441529.htm,卡尤迪生物科技(北京)有限公司,15001-20000
Python开发工程师,http://company.zhaopin.com/CZ492400930.htm,北京缔联科技有限公司,8000-15000
Python中级研发工程师,http://special.zhaopin.com/pagepublish/14994941/index.html,中铁信息工程集团有限公司,14000-23000
python/php/java 研发工程师,http://company.zhaopin.com/CZ141423100.htm,北京社科赛斯教育科技有限公司,15000-18000
Python研发工程师,http://company.zhaopin.com/CC313785038.htm,上海诚信互通网络信息科技有限公司,15000-30000
python,http://company.zhaopin.com/CC596626722.htm,开网科技(北京)有限公司,10001-15000
Python web 开发工程师,http://company.zhaopin.com/CC000584532.htm,北京华胜天成科技股份有限公司,15001-20000
Python讲师,http://special.zhaopin.com/pagepublish/18796562/index.html,北京八维研修学院,10000-15000
Python工程师,http://company.zhaopin.com/%E5%8C%97%E4%BA%AC%E6%99%BA%E6%85%A7%E6%98%9F%E5%85%89%E4%BF%A1%E6%81%AF%E6%8A%80%E6%9C%AF%E6%9C%89%E9%99%90%E5%85%AC%E5%8F%B8_CC467352913.htm,北京智慧星光信息技术有限公司,20000-25000
中级python工程师,http://company.zhaopin.com/CC261124189.htm,北京超萌国际文化有限公司,20001-30000
Python讲师,http://company.zhaopin.com/P2/CC1210/1711/CC121017111.htm,北京八维教育集团,10000-15000
Python工程师,http://company.zhaopin.com/CC273511830.htm,零氪信息技术(北京)有限公司,15001-20000
后端工程师（Python）,http://company.zhaopin.com/CC317243584.htm,北京美洽网络科技有限公司,15001-20000
算法工程师（Java/Scala/Python/R方向）,http://company.zhaopin.com/CC213935487.htm,北京中能博泰科技有限公司,15001-20000
python开发,http://company.zhaopin.com/CC596626722.htm,开网科技(北京)有限公司,10001-15000
python开发,http://company.zhaopin.com/CC596626722.htm,开网科技(北京)有限公司,10001-15000
童程金牌讲师--Java，Python (MJ003366),http://special.zhaopin.com/bj/2010/Dn092512/index.html,达内时代科技集团有限公司,15000-25000
Python开发工程师,http://company.zhaopin.com/CC293254787.htm,北京微步在线科技有限公司,15000-30000
python爬虫工程师,http://company.zhaopin.com/CZ392786180.htm,号外网,8000-15000
Python工程师,http://company.zhaopin.com/CC461164932.htm,北京氢元数据信息技术有限公司,6001-8000
Python-西二旗（联想）-ERP(1019),http://special.zhaopin.com/pagepublish/12053534/index.html,北京联想利泰软件有限公司,10001-15000
Python开发工程师,http://special.zhaopin.com/bj/2013/zkrk062859,中科软科技股份有限公司,8000-12000
Python数据工程师,http://company.zhaopin.com/CC320449689.htm,易思互动(北京)科技有限公司,12000-24000
高级Python WEB工程师（SAAS方向）,http://company.zhaopin.com/CC320449689.htm,易思互动(北京)科技有限公司,20000-35000
python爬虫工程师,http://company.zhaopin.com/CC421475684.htm,北京神州云合数据科技发展有限公司,10000-20000
python高级开发,http://company.zhaopin.com/CC339557937.htm,北京富邦智慧物联科技有限公司,10000-20000
Python开发工程师,http://company.zhaopin.com/CZ412756630.htm,领途教育咨询(北京)有限公司,10000-20000
python爬虫工程师,http://company.zhaopin.com/CC421475684.htm,北京神州云合数据科技发展有限公司,10000-20000
Python开发工程师,http://company.zhaopin.com/%E5%8C%97%E4%BA%AC%E6%81%92%E4%BF%A1%E9%80%9A%E8%AF%9A%E7%A7%91%E6%8A%80%E6%9C%89%E9%99%90%E5%85%AC%E5%8F%B8_CC188304626.htm,北京恒信通诚科技有限公司,5000-8000
高级python研发工程师,http://company.zhaopin.com/CC688947920.htm,北京云途腾科技有限责任公司,15000-25000
高级数据分析师（R/Python/Sas）,http://company.zhaopin.com/CC466592513.htm,人人贷商务顾问(北京)有限公司,30001-50000
Python开发工程师,http://company.zhaopin.com/%E5%8C%97%E4%BA%AC%E5%88%9B%E6%99%BA%E4%BF%A1%E7%A7%91%E7%A7%91%E6%8A%80%E6%9C%89%E9%99%90%E5%85%AC%E5%8F%B8_CC140513769.htm,北京创智信科科技股份有限公司,15001-20000
Python开发工程师-爬虫-DNJS0008,http://company.zhaopin.com/CC466625418.htm,北京多牛互动传媒股份有限公司,12000-24000
Python高级开发工程师,http://company.zhaopin.com/CZ120570220.htm,北京棣南新宇科技有限公司,15001-20000
站点录入实习生（Python代码编写）,http://company.zhaopin.com/CC461164932.htm,北京氢元数据信息技术有限公司,2000-4000
Python高级开发工程师,http://company.zhaopin.com/CZ120570220.htm,北京棣南新宇科技有限公司,15001-20000
Python 产品设计师,http://company.zhaopin.com/%E5%8C%97%E4%BA%AC%E4%B9%90%E5%8F%AF%E5%A8%81%E4%BF%A1%E6%81%AF%E6%8A%80%E6%9C%AF%E6%9C%89%E9%99%90%E5%85%AC%E5%8F%B8_CC192381427.htm,北京乐可威信息技术有限公司,12000-20000
python开发工程师,http://company.zhaopin.com/P6/CC0001/4095/CC000140955.htm,北京中创信测科技股份有限公司,15001-20000
Python开发工程师,http://company.zhaopin.com/%E5%8C%97%E4%BA%AC%E6%B4%8B%E6%B5%A6%E4%BC%9F%E4%B8%9A%E7%A7%91%E6%8A%80%E5%8F%91%E5%B1%95%E6%9C%89%E9%99%90%E5%85%AC%E5%8F%B8_CC258426519.htm,北京梆梆安全科技有限公司,10001-15000
Python爬虫工程师,http://company.zhaopin.com/CC336172833.htm,永盛志远科技集团有限公司,20001-30000
Python/Django web开发工程师,http://company.zhaopin.com/CC336172833.htm,永盛志远科技集团有限公司,20001-30000
Python开发工程师,http://company.zhaopin.com/P6/CC0001/4095/CC000140955.htm,北京中创信测科技股份有限公司,12000-18000
python工程师-大数据方向,http://company.zhaopin.com/CC434383686.htm,北京爱尖子教育科技有限责任公司,15000-30000
Python开发工程师,http://company.zhaopin.com/%E7%AB%8B%E4%BF%A1%E4%BC%9A%E8%AE%A1%E5%B8%88%E4%BA%8B%E5%8A%A1%E6%89%80%28%E7%89%B9%E6%AE%8A%E6%99%AE%E9%80%9A%E5%90%88%E4%BC%99%29%E5%8C%97%E4%BA%AC%E5%88%86%E6%89%80_CC464802915.htm,立信会计师事务所(特殊普通合伙)北京分所,15001-20000
python开发工程师,http://company.zhaopin.com/CC366553888.htm,大连信雅达软件有限公司北京办事处,10001-15000
C/C++/python研发工程师,http://special.zhaopin.com/pagepublish/13807000/index.html,北京东方网信科技股份有限公司,10000-20000
高级Python工程师,http://company.zhaopin.com/CZ200376530.htm,慕华(北京)网络技术有限公司,20001-30000
服务器端Python开发工程师,http://company.zhaopin.com/CC334247837.htm,北京新界教育科技有限公司,8000-16000
Python工程师,http://company.zhaopin.com/CC568782139.htm,北京弘道智慧中医技术有限公司,10000-20000
Python工程师-实习生,http://company.zhaopin.com/CC405232187.htm,北京上格云技术有限公司,2001-4000
QT/Python软件开发工程师（Linux）,http://company.zhaopin.com/%E5%8C%97%E4%BA%AC%E6%98%9F%E7%BD%91%E5%AE%87%E8%BE%BE%E7%A7%91%E6%8A%80%E5%BC%80%E5%8F%91%E6%9C%89%E9%99%90%E5%85%AC%E5%8F%B8_CC133006700.htm,北京星网宇达科技股份有限公司,10001-15000
Python开发工程师,http://company.zhaopin.com/CC589628226.htm,北京联科华盛教育科技有限公司,20001-30000
python数据分析工程师,http://company.zhaopin.com/CC280194480.htm,北京众蓝科技有限公司,15000-30000
Python开发工程师,http://company.zhaopin.com/P2/CC3170/2631/CC317026313.htm,北京鼎新同人管理咨询有限公司,20001-30000
Python后台工程师,http://company.zhaopin.com/CC324103522.htm,清华大学交通研究所,15001-20000
高级数据仓库工程师,http://special.zhaopin.com/pagepublish/53825752/index.html,北京同城翼龙网络科技有限公司,20001-30000
数据仓库工程师,http://special.zhaopin.com/pagepublish/53825752/index.html,北京同城翼龙网络科技有限公司,15001-20000
大数据分析工程师,http://company.zhaopin.com/CC386188723.htm,中创天博（北京）国际展览展示有限公司,20001-30000
React-native/RN开发工程师,redirecturl?url=http%3a%2f%2fmaker.haier.net%2fcustompage%2findex%2findex.html%3fplatformcode%3dzl&amp;cc=CC121066847J00044132010&amp;sign=B38039DCD217B30005602D61F2BEE9C2,海尔集团公司,面议
销售经理,http://company.zhaopin.com/CZ162613620.htm,北京安洲科技有限公司,6001-8000
大数据分析师讲师,http://company.zhaopin.com/CC386188723.htm,中创天博（北京）国际展览展示有限公司,20001-30000
技术工程师,http://company.zhaopin.com/CZ162613620.htm,北京安洲科技有限公司,6001-8000
MySQL DBA,http://company.zhaopin.com/CC451613439.htm,深圳市前海洪涛教育科技有限公司北京分公司,10001-15000
技术支持/实施工程师-金融业务部,http://special.zhaopin.com/pagepublish/30018788/index.html,北京广通信达软件股份有限公司杭州分公司,10000-18000
数据挖掘工程师,http://special.zhaopin.com/pagepublish/17467642/index.html,安智网,8000-15000
高级运维开发工程师,http://company.zhaopin.com/CC272551131.htm,九坤投资(北京)有限公司,25000-40000
中高级前端开发工程师,http://company.zhaopin.com/CZ631503730.htm,北京学橙归来教育科技有限公司,10000-20000
数据开发工程师,http://company.zhaopin.com/CC646136882.htm,北京掌通未来科技有限公司,25000-50000
运维工程师,http://company.zhaopin.com/CC646136882.htm,北京掌通未来科技有限公司,20001-30000
销售助理,http://company.zhaopin.com/CZ162613620.htm,北京安洲科技有限公司,4001-6000
云计算工程师,http://special.zhaopin.com/bj/2013/bdqn032826,北京阿博泰克北大青鸟信息技术有限公司,18000-25000
人工智能讲师,http://company.zhaopin.com/P2/CC1210/1711/CC121017111.htm,北京八维教育集团,18000-35000
遥感算法软件工程师,http://company.zhaopin.com/CC412103237.htm,北京悦图遥感科技发展有限公司,12000-24000
应届毕业生,http://company.zhaopin.com/CZ257223630.htm,北京允睿讯通科技有限公司,3500-7000
人工智能讲师,http://special.zhaopin.com/pagepublish/18796562/index.html,北京八维研修学院,18000-35000
仪器技术工程师,http://company.zhaopin.com/CZ162613620.htm,北京安洲科技有限公司,6001-8000
PHP研发,http://company.zhaopin.com/CC643799536.htm,北京云博览科技有限公司,15000-30000
大数据工程师,http://company.zhaopin.com/%E4%B8%AD%E5%9B%BD%E5%8D%8E%E6%88%8E%E6%8E%A7%E8%82%A1%E6%9C%89%E9%99%90%E5%85%AC%E5%8F%B8_CC446766218.htm,中国华戎科技集团有限公司,12000-24000
IC验证工程师,http://company.zhaopin.com/CC656659086.htm,厦门码灵半导体技术有限公司,15001-20000
ETL数据开发工程师(J12440),http://company.zhaopin.com/CC688310727.htm,易鑫集团,10001-15000
大数据研发高级工程师(SparkStreaming),http://company.zhaopin.com/CC216494030.htm,顺丰科技有限公司,面议
运维工程师,http://company.zhaopin.com/CZ312430610.htm,优讯时代(北京)网络技术有限公司,4001-6000
运维工程师,http://special.zhaopin.com/campus/2017/bf/xsdz022346,新时代证券股份有限公司,15001-20000
算法工程师,redirecturl?url=http%3a%2f%2fmaker.haier.net%2fcustompage%2findex%2findex.html%3fplatformcode%3dzl&amp;cc=CC121066847J90315369000&amp;sign=B38039DCD217B30005602D61F2BEE9C2,海尔集团公司,面议
大数据研发工程师(SparkStreaming方向),http://company.zhaopin.com/CC216494030.htm,顺丰科技有限公司,面议
算法工程师,http://special.zhaopin.com/2017/gz/11242/whtz021321,PPmoney万惠集团,20001-30000
测试工程师,http://company.zhaopin.com/CZ743321540.htm,深圳三角形科技有限公司,8001-10000
DBA,redirecturl?url=http%3a%2f%2fmaker.haier.net%2fcustompage%2findex%2findex.html%3fplatformcode%3dzl&amp;cc=CC121066847J90317644000&amp;sign=B38039DCD217B30005602D61F2BEE9C2,海尔集团公司,面议
业务服务端开发工程师,http://special.zhaopin.com/2018/bf/bjzg031980N/,北京中公教育科技股份有限公司,20000-40000
软件二次开发,http://special.zhaopin.com/pagepublish/14986271/index.html,北京翔博科技股份有限公司,10001-15000
区块链研发高级工程师,http://company.zhaopin.com/CC216494030.htm,顺丰科技有限公司,面议
运维工程师,http://company.zhaopin.com/CZ743321540.htm,深圳三角形科技有限公司,6000-10000
配置管理员,http://company.zhaopin.com/CC512725480.htm,东方微银网络信息(北京)有限公司深圳分公司,8001-10000
算法工程师,http://company.zhaopin.com/P3/CC1567/3872/CC156738725.htm,开普云,15000-30000
高级JAVA开发工程师,http://special.zhaopin.com/pagepublish/30018788/index.html,北京广通信达软件股份有限公司杭州分公司,10000-16000
高级后端开发工程师,http://special.zhaopin.com/pagepublish/14716494/index.html,北京简单科技有限公司,15000-30000
中级后端开发工程师,http://special.zhaopin.com/pagepublish/14716494/index.html,北京简单科技有限公司,10000-20000
Web测试工程师,http://special.zhaopin.com/pagepublish/14716494/index.html,北京简单科技有限公司,6000-10000
DBA(MySQL),http://special.zhaopin.com/pagepublish/14716494/index.html,北京简单科技有限公司,8000-15000
Linux系统运维工程师,http://special.zhaopin.com/pagepublish/15098381/index.html,北京信普达系统工程有限公司,6000-12000
软件测试,http://company.zhaopin.com/CC278763683.htm,北京蓝光汇智网络科技有限公司,6001-8000
运维工程师,http://company.zhaopin.com/%E8%BF%88%E6%80%9D%E5%8F%AF%E6%96%87%E5%8C%96%E4%BC%A0%E5%AA%92%28%E5%8C%97%E4%BA%AC%29%E6%9C%89%E9%99%90%E5%85%AC%E5%8F%B8_CC446269420.htm,迈思可文化传媒(北京)有限公司,15001-20000
数据建模工程师(J12436),http://company.zhaopin.com/CC688310727.htm,易鑫集团,15001-20000
测试经理,http://company.zhaopin.com/CC335276032.htm,伟宏互联网科技有限公司,15000-20000
风控算法工程师J12149,http://company.zhaopin.com/CC688310727.htm,易鑫集团,15001-20000
运维工程师,http://company.zhaopin.com/CC690807720.htm,北京大账房信息技术有限公司,8000-15000
Linux运维实习生（2017应届生优先）,http://company.zhaopin.com/CC567369733.htm,北京欣如信科技有限公司,8001-10000
高级前端研发工程师[北京-海淀区],http://company.zhaopin.com/%E5%8C%97%E4%BA%AC%E9%A3%9E%E8%88%B8%E7%9B%8A%E5%8A%A8%E7%A7%91%E6%8A%80%E6%9C%89%E9%99%90%E5%85%AC%E5%8F%B8_CC301968717.htm,北京飞舸益动科技有限公司,15000-25000
图像处理工程师,http://company.zhaopin.com/CC530391436.htm,北京创源微致软件有限公司,10000-20000
高级后端工程师,http://company.zhaopin.com/CC530391436.htm,北京创源微致软件有限公司,20000-40000
平台开发,http://company.zhaopin.com/CC530391436.htm,北京创源微致软件有限公司,12000-24000
测试开发,http://company.zhaopin.com/CC530391436.htm,北京创源微致软件有限公司,12000-24000
Linux服务端实习生（接受转行）,http://company.zhaopin.com/CC567369733.htm,北京欣如信科技有限公司,6001-8000
MES研发工程师,http://company.zhaopin.com/CZ287608630.htm,北京精一强远科技有限公司,10001-15000
高级后端工程师,http://company.zhaopin.com/CC600605824.htm,深圳派鲜科技有限公司,15001-20000
云平台运维组长,http://company.zhaopin.com/P6/CC1210/0525/CC121005258.htm,北京北控三兴信息技术有限公司,8000-15000
云平台运维工程师,http://company.zhaopin.com/P6/CC1210/0525/CC121005258.htm,北京北控三兴信息技术有限公司,7000-10000
WEB前端工程师,http://company.zhaopin.com/P6/CC1210/0525/CC121005258.htm,北京北控三兴信息技术有限公司,6000-10000
测试工程师,http://company.zhaopin.com/P1/CC0004/3790/CC000437909.htm,北京慧图科技股份有限公司,6000-10000
数据挖掘工程师,http://company.zhaopin.com/CC665506523.htm,北京格灵深瞳信息技术有限公司,15000-30000
嵌入式软件工程师-bsp,http://company.zhaopin.com/CC665506523.htm,北京格灵深瞳信息技术有限公司,15000-28000
运维工程师,http://company.zhaopin.com/CC665506523.htm,北京格灵深瞳信息技术有限公司,10000-20000
linux运维（百度定岗实习生）,http://company.zhaopin.com/CC567369733.htm,北京欣如信科技有限公司,6001-8000
自动化测试,http://company.zhaopin.com/%E5%8C%97%E4%BA%AC%E8%89%BE%E7%A7%91%E7%BD%91%E4%BF%A1%E7%A7%91%E6%8A%80%E6%9C%89%E9%99%90%E5%85%AC%E5%8F%B8_CC192244916.htm,北京艾科网信科技有限公司,8000-15000
后台开发高级工程师,http://company.zhaopin.com/CC661515425.htm,北京快方科技有限公司,10000-20000
Web测试工程师（西二旗软件园）,http://special.zhaopin.com/bj/19947/index.html,Symbio 北京研发中心,8001-10000
自然语言处理(NLP)工程师,http://company.zhaopin.com/%E5%8C%97%E4%BA%AC%E8%9E%8D%E6%B1%87%E9%87%91%E4%BF%A1%E4%BF%A1%E6%81%AF%E6%8A%80%E6%9C%AF%E6%9C%89%E9%99%90%E5%85%AC%E5%8F%B8_CC467867710.htm,北京融汇金信信息技术有限公司,100001-150000
数据挖掘/自然语言处理工程师,http://company.zhaopin.com/%E5%8C%97%E4%BA%AC%E8%9E%8D%E6%B1%87%E9%87%91%E4%BF%A1%E4%BF%A1%E6%81%AF%E6%8A%80%E6%9C%AF%E6%9C%89%E9%99%90%E5%85%AC%E5%8F%B8_CC467867710.htm,北京融汇金信信息技术有限公司,100001-150000
java高级软件工程师,http://company.zhaopin.com/CC600327385.htm,北京红赢科技有限公司,25000-50000
高级自动化测试工程师,http://company.zhaopin.com/CC600327385.htm,北京红赢科技有限公司,25000-50000
资深后端开发工程师(Nodejs方向),http://company.zhaopin.com/CC216494030.htm,顺丰科技有限公司,面议
车联网高级软件工程师/项目经理,http://company.zhaopin.com/CC681949521.htm,苏州清研捷运信息科技有限公司,15000-25000
web前端,http://company.zhaopin.com/CC710823427.htm,北京云智汇科技有限公司,15001-20000
硬件工程师(机器人研发方向),http://company.zhaopin.com/%E6%B8%85%E6%8A%95%E8%A7%86%E8%AE%AF%28%E5%8C%97%E4%BA%AC%29%E7%A7%91%E6%8A%80%E6%9C%89%E9%99%90%E5%85%AC%E5%8F%B8_CC182374529.htm,清投智能(北京)科技有限公司,10001-15000
GPU 算法工程师,http://company.zhaopin.com/%E5%8C%97%E4%BA%AC%E6%80%9D%E8%85%BE%E5%88%9B%E6%96%B0%E7%A7%91%E6%8A%80%E5%8F%91%E5%B1%95%E6%9C%89%E9%99%90%E5%85%AC%E5%8F%B8_CC266335912.htm,北京思腾创新科技发展有限公司,10000-20000
系统运维工程师,http://special.zhaopin.com/pagepublish/59559/index.html,北京金网安泰信息技术有限公司,6001-8000
Senior Researcher,http://special.zhaopin.com/bJ/2015/didi070337,滴滴出行,30000-60000
Linux开发工程师,http://special.zhaopin.com/sh/2014/phjc061984,普华基础软件股份有限公司,8000-15000
高级数据开发工程师,http://company.zhaopin.com/P2/CC1948/3111/CC194831119.htm,北京中科金财科技股份有限公司,15000-25000
shell运维工程师,http://company.zhaopin.com/P2/CC1948/3111/CC194831119.htm,北京中科金财科技股份有限公司,10001-15000
Java开发工程师――解决北京户口,http://special.zhaopin.com/pagepublish/12035373/index.html,北京华夏电通科技有限公司,9000-18000
云计算开发实习生,http://company.zhaopin.com/CC567369733.htm,北京欣如信科技有限公司,6001-8000
AI研发工程师-语音识别方向 (MJ003645),http://special.zhaopin.com/bj/2010/Dn092512/index.html,达内时代科技集团有限公司,20000-30000
AI研发工程师-NLP方向    (MJ003371),http://special.zhaopin.com/bj/2010/Dn092512/index.html,达内时代科技集团有限公司,10000-20000
网络工程师,http://company.zhaopin.com/CC512725480.htm,东方微银网络信息(北京)有限公司深圳分公司,6000-8000
高级运维工程师,http://company.zhaopin.com/CC704609624.htm,烽泰科技（北京）有限公司,15000-25000
资深区块链研发工程师,http://company.zhaopin.com/CC704609624.htm,烽泰科技（北京）有限公司,20000-40000
云平台工程师,http://company.zhaopin.com/CC665506523.htm,北京格灵深瞳信息技术有限公司,20000-30000
数据分析师,http://company.zhaopin.com/CC208504984.htm,国信金融信息服务(北京)有限公司,15000-25000
web前端工程师,http://company.zhaopin.com/CC411949831.htm,山东荣景教育科技股份有限公司,13000-23000
JAVA研发工程师,http://company.zhaopin.com/CZ257223630.htm,北京允睿讯通科技有限公司,6000-12000
数据开发工程师,http://company.zhaopin.com/P2/CC1948/3111/CC194831119.htm,北京中科金财科技股份有限公司,15000-25000
后端开发工程师,http://company.zhaopin.com/CC665506523.htm,北京格灵深瞳信息技术有限公司,15000-30000
中高级运维开发工程师（阿里投资背景）,http://company.zhaopin.com/CC311289936.htm,北京云纵信息技术有限公司,28000-38000
开发测试工程师（阿里投资背景）,http://company.zhaopin.com/CC311289936.htm,北京云纵信息技术有限公司,10001-15000
急聘测试工程师（阿里投资背景）,http://company.zhaopin.com/CC311289936.htm,北京云纵信息技术有限公司,10001-15000
测试工程师（技术团队源自窝窝）,http://company.zhaopin.com/CC311289936.htm,北京云纵信息技术有限公司,10001-15000
高级运维工程师（阿里投资背景）,http://company.zhaopin.com/CC311289936.htm,北京云纵信息技术有限公司,18000-28000
AI助理研发工程师 (MJ003924),http://special.zhaopin.com/bj/2010/Dn092512/index.html,达内时代科技集团有限公司,10000-15000
模型经理,http://company.zhaopin.com/CC512725480.htm,东方微银网络信息(北京)有限公司深圳分公司,15000-30000
安全研究员,http://company.zhaopin.com/P10/CC1201/4609/CC120146095.htm,北京江民新科技术有限公司,20001-30000
ROS系统研发工程师,http://company.zhaopin.com/%E6%B8%85%E6%8A%95%E8%A7%86%E8%AE%AF%28%E5%8C%97%E4%BA%AC%29%E7%A7%91%E6%8A%80%E6%9C%89%E9%99%90%E5%85%AC%E5%8F%B8_CC182374529.htm,清投智能(北京)科技有限公司,10001-15000
配置管理工程师,http://company.zhaopin.com/CC311289936.htm,北京云纵信息技术有限公司,10001-15000
数据分析经理（信审）,http://special.zhaopin.com/pagepublish/53825752/index.html,北京同城翼龙网络科技有限公司,10001-15000
Java工程师,http://special.zhaopin.com/bj/2010/yongyou080419/index.html,用友网络科技股份有限公司,15000-25000
渗透测试工程师,http://company.zhaopin.com/P2/CC1656/8401/CC165684013.htm,北京西普阳光教育科技股份有限公司,10000-20000
数据分析主管（信审）,http://special.zhaopin.com/pagepublish/53825752/index.html,北京同城翼龙网络科技有限公司,8001-10000
测试开发,http://company.zhaopin.com/CZ608869220.htm,北京金山云网络技术有限公司,18000-25000
后台开发工程师-北京-00017,http://company.zhaopin.com/P6/CC0001/7045/CC000170452.htm,北京世纪鼎点软件有限公司,16000-22000
高级测试开发工程师,http://special.zhaopin.com/bJ/2015/didi070337,滴滴出行,15000-30000
MySQL,http://special.zhaopin.com/bj/2015/hc032014/enter.html,北京恒昌利通投资管理有限公司,面议
AI算法工程师,http://inspur.zhaopin.com/,浪潮集团有限公司,10000-20000
中/高级数据库管理员（DBA）,http://special.zhaopin.com/bj/2015/hc032014/enter.html,北京恒昌利通投资管理有限公司,面议
应用运维工程师,http://special.zhaopin.com/bj/2015/hc032014/enter.html,北京恒昌利通投资管理有限公司,15001-20000
高级web前端工程师,http://special.zhaopin.com/bj/2015/hc032014/enter.html,北京恒昌利通投资管理有限公司,面议
应用运维,http://special.zhaopin.com/bj/2015/hc032014/enter.html,北京恒昌利通投资管理有限公司,面议
数据分析经理-贷后,http://special.zhaopin.com/pagepublish/53825752/index.html,北京同城翼龙网络科技有限公司,15001-20000
运维工程师,http://company.zhaopin.com/CC120137343.htm,同方鼎欣科技股份有限公司,15001-20000
云计算运维工程师,http://company.zhaopin.com/P9/CC0006/4518/CC000645187.htm,普天信息技术有限公司,8001-10000
AI系统工程师,http://inspur.zhaopin.com/,浪潮集团有限公司,10000-20000
数据分析研发工程师（JAVA）,http://company.zhaopin.com/P9/CC0006/4518/CC000645187.htm,普天信息技术有限公司,10001-15000
配置管理工程师,http://company.zhaopin.com/CC419073231.htm,北京鼎阅广告传媒有限责任公司,10001-15000
初级数据工程师（Java方向）,http://company.zhaopin.com/P9/CC0006/4518/CC000645187.htm,普天信息技术有限公司,6001-8000
技术经理（大数据方向）,http://company.zhaopin.com/P6/CC1200/6765/CC120067657.htm,北京锐安科技有限公司,15001-20000
NLP数据开发工程师(J12441),http://company.zhaopin.com/CC688310727.htm,易鑫集团,15001-20000
高级运维工程师,http://company.zhaopin.com/CC483710523.htm,小米通讯技术有限公司,15000-30000
大数据开发工程师,http://company.zhaopin.com/CC483710523.htm,小米通讯技术有限公司,20000-40000
Android测试开发工程师,http://company.zhaopin.com/CC483710523.htm,小米通讯技术有限公司,10000-20000
云计算工程师,http://special.zhaopin.com/bj/2014/lenovo010971/,联想集团有限公司,面议
遥感算法设计师,http://company.zhaopin.com/P9/CC1205/0158/CC120501588.htm,航天恒星科技有限公司,10001-15000
NLP算法工程师J10981,http://company.zhaopin.com/CC688310727.htm,易鑫集团,15001-20000
R&D Intern,http://special.zhaopin.com/bf/2014/qczg042185,Nestle China/雀巢(中国),2001-4000
文本挖掘工程师,http://company.zhaopin.com/CC335272932.htm,中网数据(北京)股份有限公司,30001-50000
新媒体运营（用户运营）,http://company.zhaopin.com/CC434383686.htm,北京爱尖子教育科技有限责任公司,6001-8000
DBA工程师,http://company.zhaopin.com/CC273391788.htm,上海睿民互联网科技有限公司,12000-18000
系统平台开发工程师-NTD,http://special.zhaopin.com/bj/2012/siwei092527,北京四维图新科技股份有限公司,15001-20000
C开发工程师,http://company.zhaopin.com/CC261893336.htm,北京亿立永基商业管理有限公司,15000-30000
运维工程师,http://company.zhaopin.com/CC440950919.htm,北京红云融通技术有限公司,5000-10000
运维工程师（北京）,http://company.zhaopin.com/CC562114535.htm,深圳市源极光科技有限公司,8000-15000
爬虫工程师,http://company.zhaopin.com/CC335272932.htm,中网数据(北京)股份有限公司,15001-20000
大数据开发工程师 [北京],http://company.zhaopin.com/CC562114535.htm,深圳市源极光科技有限公司,20000-30000
物流数据支持主管,http://company.zhaopin.com/CC483710523.htm,小米通讯技术有限公司,8000-13000
容器云平台工程师,http://company.zhaopin.com/CC417663223.htm,北京海云捷迅科技有限公司,12000-20000
Java开发项目经理(J10408),http://company.zhaopin.com/CC596703626.htm,藤门国际教育咨询(北京)有限公司,20001-30000
大数据总监,http://company.zhaopin.com/CC338692835.htm,泛测(北京)环境科技有限公司,20001-30000
Java研发工程师(急招),http://company.zhaopin.com/P3/CC1202/2702/CC120227021.htm,北京农信互联科技有限公司,10001-15000
运维工程师,http://company.zhaopin.com/CC273391788.htm,上海睿民互联网科技有限公司,12000-18000
Linux系统工程师,http://company.zhaopin.com/P9/CC1206/1588/CC120615883.htm,北京华路时代信息技术有限公司,7000-12000
Go工程师（北京）,http://company.zhaopin.com/CZ562550030.htm,深圳市八斗才数据有限公司,15000-30000
系统工程师（木樨地）,http://company.zhaopin.com/P8/CC0005/9817/CC000598172.htm,北京炎黄新星网络科技有限公司,8000-12000
数据运营经理 (MJ003857),http://special.zhaopin.com/bj/2010/Dn092512/index.html,达内时代科技集团有限公司,15000-30000
中高级测试工程师,http://company.zhaopin.com/CC508620126.htm,中软国际科技服务有限公司,面议
PHP研发工程师,redirecturl?url=http%3a%2f%2fwww.tus-sound.com&amp;cc=CC135760073J90253305000&amp;sign=68B10DB09F3E3D7BD515A803B87BF3DB,启迪桑德环境资源股份有限公司,15001-20000
硬件管理软件测试工程师,http://company.zhaopin.com/CZ263940930.htm,北京科锐国际人力资源股份有限公司,6001-8000
高级web前端开发工程师,http://special.zhaopin.com/2017/bf/bjys072799,美菜网,30001-50000
移动端测试工程师,http://special.zhaopin.com/2017/bf/bjys072799,美菜网,20000-40000
院校教研经理 (MJ003798),http://special.zhaopin.com/bj/2010/Dn092512/index.html,达内时代科技集团有限公司,15000-25000
linux运维工程师,http://company.zhaopin.com/CC508620126.htm,中软国际科技服务有限公司,面议
高级数据库管理员,http://company.zhaopin.com/%E5%8C%97%E5%A4%A7%E8%8B%B1%E5%8D%8E%E7%A7%91%E6%8A%80%E6%9C%89%E9%99%90%E5%85%AC%E5%8F%B8_CC000204670.htm,北京北大英华科技有限公司,15000-25000
多媒体搜索工程师,http://company.zhaopin.com/CC335272932.htm,中网数据(北京)股份有限公司,30001-50000
测试工程师,http://company.zhaopin.com/CC602273321.htm,北京世纪好未来教育科技有限公司,15000-30000
数据工程师 (MJ003923),http://special.zhaopin.com/bj/2010/Dn092512/index.html,达内时代科技集团有限公司,8000-15000
Java后台开发工程师,http://xiaoyuan.zhaopin.com/subcompany/CC000936902D90000007000,复星一家联合招聘,面议
算法工程师,http://xiaoyuan.zhaopin.com/subcompany/CC000936902D90000008000,复星一家联合招聘,面议
测试开发工程师,http://company.zhaopin.com/CC301547838.htm,北京职优创智管理咨询有限公司,15000-28000
自然语言处理（实习）,http://company.zhaopin.com/CC335272932.htm,中网数据(北京)股份有限公司,4001-6000
生物信息分析工程师/报告解读工程师,http://company.zhaopin.com/CC410757983.htm,北京基石生命科技有限公司,10001-15000
渗透工程师,http://company.zhaopin.com/%E5%8C%97%E4%BA%AC%E5%9B%BD%E8%88%9C%E7%A7%91%E6%8A%80%E6%9C%89%E9%99%90%E5%85%AC%E5%8F%B8_CC136395818.htm,北京国舜科技有限公司,8000-15000
工业大数据工程师,http://xiaoyuan.zhaopin.com/subcompany/CC000132187D90000001000,航天云网,面议
数据分析师,http://xiaoyuan.zhaopin.com/subcompany/CC000132187D90000003000,航天云网,面议
算法工程师,http://xiaoyuan.zhaopin.com/subcompany/CC000132187D90000003000,航天云网,面议
大数据开发工程师,http://xiaoyuan.zhaopin.com/subcompany/CC000132187D90000002000,航天云网,面议
研发工程师,http://xiaoyuan.zhaopin.com/subcompany/CC000132187D90000003000,航天云网,面议
软件开发工程师 - 2018年硕士毕业生,http://xiaoyuan.zhaopin.com/subcompany/CC000131952D90000000000,戴尔,面议
机器学习研发工程师,http://xiaoyuan.zhaopin.com/subcompany/CC000132187D90000003000,航天云网,面议
web前端开发工程师,http://company.zhaopin.com/CC295286132.htm,北京智慧流教育科技有限公司,10000-20000
高级测试工程师,http://company.zhaopin.com/%E5%8D%8F%E5%90%88%E9%A3%8E%E7%94%B5%E6%8A%95%E8%B5%84%E6%9C%89%E9%99%90%E5%85%AC%E5%8F%B8_CC189220625.htm,中国风电集团有限公司,15001-20000
技术支持工程师,http://special.zhaopin.com/pagepublish/30018788/index.html,北京广通信达软件股份有限公司杭州分公司,10000-20000
高级Java开发工程师,http://company.zhaopin.com/CC323109835.htm,北京果仁宝科技有限公司,25000-40000
ASIC CAD 工程师J10769,http://special.zhaopin.com/sh/2009/zhanxin031617/index.htm,展讯通信(上海)有限公司,15001-20000
风控策略,http://company.zhaopin.com/CC483710523.htm,小米通讯技术有限公司,25000-35000
NLP算法工程师-仁信智清,http://company.zhaopin.com/CC509189225.htm,北京真格天成投资管理有限公司,30001-50000
资深Java开发工程师,http://company.zhaopin.com/CC300255137.htm,链家网(北京)科技有限公司,20001-30000
高级运维开发工程师-MeMe海外直播APP,http://company.zhaopin.com/CC677618624.htm,北京趣加科技有限公司,12000-24000
数据分析师（风控建模）,http://company.zhaopin.com/P3/CC1202/2702/CC120227021.htm,北京农信互联科技有限公司,10000-20000
自然语言高级软件工程师,http://special.zhaopin.com/pagepublish/15665902/index.html,紫光集团有限公司,20000-35000
C++服务器开发工程师,http://company.zhaopin.com/CC602273321.htm,北京世纪好未来教育科技有限公司,20000-40000
Web安全工程师,http://company.zhaopin.com/%E5%8C%97%E5%A4%A7%E8%8B%B1%E5%8D%8E%E7%A7%91%E6%8A%80%E6%9C%89%E9%99%90%E5%85%AC%E5%8F%B8_CC000204670.htm,北京北大英华科技有限公司,13000-17000
大数据测试开发工程师,http://company.zhaopin.com/CC301547838.htm,北京职优创智管理咨询有限公司,20001-30000
软件测试,http://company.zhaopin.com/CC238751938.htm,北京停简单信息技术有限公司,8000-14000
DBA工程师/数据库工程师,http://company.zhaopin.com/P3/CC1202/2702/CC120227021.htm,北京农信互联科技有限公司,10001-15000
大数据/机器学习工程师,http://company.zhaopin.com/%E5%8C%97%E4%BA%AC%E7%AD%91%E9%BE%99%E4%BF%A1%E6%81%AF%E6%8A%80%E6%9C%AF%E6%9C%89%E9%99%90%E8%B4%A3%E4%BB%BB%E5%85%AC%E5%8F%B8_CC153345410.htm,北京筑龙信息技术有限责任公司,15000-30000
高级数据架构师（北京）,http://company.zhaopin.com/CZ755644850.htm,海尔集团公司,20000-30000
测试工程师,http://special.zhaopin.com/2010/bj/sjgt121404/index.html,北京世纪高通科技有限公司,7000-10000
测试工程师,http://company.zhaopin.com/CC286165333.htm,北京志博天地人和教育咨询有限公司,10000-20000
IC测试工程师,http://company.zhaopin.com/P2/CC1747/8681/D900/000/CC174786810D90000020000.htm,大唐微电子技术有限公司,10001-15000
高级大数据开发工程师,http://company.zhaopin.com/CC419073231.htm,北京鼎阅广告传媒有限责任公司,20000-35000
数据分析经理,http://company.zhaopin.com/CC311289936.htm,北京云纵信息技术有限公司,15000-25000
互联网java开发工程师-苏州街-wx(1341),http://special.zhaopin.com/pagepublish/12053534/index.html,北京联想利泰软件有限公司,10001-15000
互联网java开发工程师-北三环-wx(1390),http://special.zhaopin.com/pagepublish/12053534/index.html,北京联想利泰软件有限公司,10001-15000
数据挖掘分析实习生,http://company.zhaopin.com/P2/CC1481/6761/CC148167610.htm,北京思路创新科技有限公司,2001-4000
大数据工程师,http://company.zhaopin.com/CC139131348.htm,亚信科技(中国)有限公司,15001-20000
软件测试工程师,http://special.zhaopin.com/bj/2010/yongyou080419/index.html,用友网络科技股份有限公司,10001-15000
java开发,http://company.zhaopin.com/CC120137343.htm,同方鼎欣科技股份有限公司,15001-20000
Java开发工程师,http://company.zhaopin.com/CC203503934.htm,柚子(北京)移动技术有限公司,10000-15000
Java高级开发工程师（APP端）,http://company.zhaopin.com/CC419073231.htm,北京鼎阅广告传媒有限责任公司,20000-35000
web前端工程师,http://company.zhaopin.com/CC602232625.htm,北京同城必应科技有限公司,20001-30000
后端测试工程师-上地-wx(1355),http://special.zhaopin.com/pagepublish/12053534/index.html,北京联想利泰软件有限公司,10001-15000
测试工程师(App),http://special.zhaopin.com/bj/2010/naton071323/enter.htm,纳通医疗集团,5000-9000
docker运维自动化研发工程师-西四环-wx-853,http://special.zhaopin.com/pagepublish/12053534/index.html,北京联想利泰软件有限公司,10001-15000
高级测试工程师,http://special.zhaopin.com/bj/2009/bdl122112/,北京百得利汽车进出口集团有限公司,10001-15000
数据分析师-北京,http://special.zhaopin.com/2017/sh/11054/shzz030399/index.html,哒哒英语,10001-15000
互联网业务部门_测试工程师,http://company.zhaopin.com/CC120747254.htm,北京思特奇信息技术股份有限公司,8001-10000
C/C++开发工程师（外派）,http://company.zhaopin.com/CC424188188.htm,大连斯锐信息技术有限公司,10001-15000
遥感软件设计师,http://company.zhaopin.com/P9/CC1205/0158/CC120501588.htm,航天恒星科技有限公司,10001-15000
hadoop大数据开发工程师,http://company.zhaopin.com/CC120137343.htm,同方鼎欣科技股份有限公司,10000-20000
大数据开发工程师,http://special.zhaopin.com/bj/2010/yongyou080419/index.html,用友网络科技股份有限公司,15001-20000
Java后端工程师,http://company.zhaopin.com/CC278682437.htm,北京航天智造科技发展有限公司,15001-20000
核心业务部门_Java工程师,http://company.zhaopin.com/CC120747254.htm,北京思特奇信息技术股份有限公司,4000-6000
测试工程师,http://company.zhaopin.com/CZ608869220.htm,北京金山云网络技术有限公司,10000-20000
深度学习-自然语言处理高级工程师,http://company.zhaopin.com/CC120747254.htm,北京思特奇信息技术股份有限公司,15000-20000
云方向业务部门_分布式数据库/分布式缓存运维工程师,http://company.zhaopin.com/CC120747254.htm,北京思特奇信息技术股份有限公司,7000-14000
互联网业务部门_数据分析,http://company.zhaopin.com/CC120747254.htm,北京思特奇信息技术股份有限公司,8000-10000
云方向业务部门_技术专家,http://company.zhaopin.com/CC120747254.htm,北京思特奇信息技术股份有限公司,20001-30000
云方向业务部门_大数据平台（Hadoop）运维工程师,http://company.zhaopin.com/CC120747254.htm,北京思特奇信息技术股份有限公司,7000-14000
软件开发工程师（4G路由器方向）,http://special.zhaopin.com/bj/2013/raisecom021778,瑞斯康达科技发展股份有限公司,15001-20000
高级测试工程师（无线LTE基站）,http://special.zhaopin.com/bj/2013/raisecom021778,瑞斯康达科技发展股份有限公司,15001-20000
系统测试工程师,http://special.zhaopin.com/bj/2013/raisecom021778,瑞斯康达科技发展股份有限公司,15001-20000
SDN系统测试工程师,http://special.zhaopin.com/bj/2013/raisecom021778,瑞斯康达科技发展股份有限公司,10001-15000
软件测试工程师（数通方向）,http://special.zhaopin.com/bj/2013/raisecom021778,瑞斯康达科技发展股份有限公司,10001-15000
软件测试工程师（平台测试方向）,http://special.zhaopin.com/bj/2013/raisecom021778,瑞斯康达科技发展股份有限公司,10001-15000
高级系统测试工程师,http://special.zhaopin.com/bj/2013/raisecom021778,瑞斯康达科技发展股份有限公司,15001-20000
软件开发工程师（LPWAN方向）,http://special.zhaopin.com/bj/2013/raisecom021778,瑞斯康达科技发展股份有限公司,15001-20000
前端工程师,http://company.zhaopin.com/P9/CC0006/4518/CC000645187.htm,普天信息技术有限公司,8000-15000
高级测试工程师-大数据,http://company.zhaopin.com/P7/CC0003/2756/CC000327562.htm,北京天融信科技有限公司,8000-16000
大数据开发(讲师),http://special.zhaopin.com/bj/2012/rtdl07115276/,软通动力信息技术(集团)有限公司,15001-20000
自动化测试研发工程师,http://special.zhaopin.com/bj/2013/zkrk062859,中科软科技股份有限公司,5000-10000
高级JAVA开发工程师,http://special.zhaopin.com/pagepublish/38833/index.html,华迪计算机集团有限公司,15001-20000
北京-Java后台软件工程师,http://special.zhaopin.com/pagepublish/18069312/index.html,珠海世纪鼎利科技股份有限公司,10000-20000
前端开发工程师(004422),http://special.zhaopin.com/bj/2010/gld081233/home.htm,广联达科技股份有限公司,10001-15000
网络爬虫高级软件工程师,http://special.zhaopin.com/pagepublish/15665902/index.html,紫光集团有限公司,15000-30000
机器学习算法工程师,http://company.zhaopin.com/P9/CC0006/4518/CC000645187.htm,普天信息技术有限公司,10001-15000
LINUX系统工程师,http://company.zhaopin.com/P9/CC0004/0448/CC000404489.htm,北京首都在线科技股份有限公司,10001-15000
NLP自然语言处理工程师,http://company.zhaopin.com/CC419073231.htm,北京鼎阅广告传媒有限责任公司,25000-35000
IT实习生,http://company.zhaopin.com/CC572337224.htm,北京沃赢科技股份有限公司,4001-6000
高级数据分析经理（北京）,http://company.zhaopin.com/CZ755644850.htm,海尔集团公司,20000-30000
信息安全工程师,http://special.zhaopin.com/2016/bf/JSJ032350,北京计算机技术及应用研究所,10001-15000
500强公司――数据分析工程师,http://company.zhaopin.com/%E5%8C%97%E4%BA%AC%E5%A4%96%E4%BC%81%E5%BE%B7%E7%A7%91%E4%BA%BA%E5%8A%9B%E8%B5%84%E6%BA%90%E6%9C%8D%E5%8A%A1%E4%B8%8A%E6%B5%B7%E6%9C%89%E9%99%90%E5%85%AC%E5%8F%B8_CC138117190.htm,北京外企德科人力资源服务上海有限公司,8000-11000
高级运维/高级运维研发/偏运维方向,http://company.zhaopin.com/CC508620126.htm,中软国际科技服务有限公司,面议
高级视频算法工程师,http://company.zhaopin.com/P2/CC1900/5341/CC190053411.htm,北京多维视通技术有限公司,10000-20000
移动测试工程师,http://company.zhaopin.com/CC563319322.htm,北京博鳌纵横网络科技有限公司,15001-20000
芯片验证工程师,http://company.zhaopin.com/CC327769832.htm,北京嘉楠捷思信息技术有限公司,10001-15000
三维人像算法工程师,http://company.zhaopin.com/P2/CC1900/5341/CC190053411.htm,北京多维视通技术有限公司,10000-20000
推荐算法工程师-TDP-I2-061,http://special.zhaopin.com/pagepublish/15770982/index.html,北京立思辰科技股份有限公司,16000-25000
spider工程师,http://company.zhaopin.com/CC677171025.htm,巧达科技(北京)有限公司,20000-30000
人脸算法工程师,http://company.zhaopin.com/%E5%8C%97%E4%BA%AC%E6%99%BA%E6%85%A7%E7%9C%BC%E7%A7%91%E6%8A%80%E5%8F%91%E5%B1%95%E6%9C%89%E9%99%90%E5%85%AC%E5%8F%B8%E6%B9%96%E5%8D%97%E5%88%86%E5%85%AC%E5%8F%B8_CC489650620.htm,北京智慧眼科技股份有限公司湖南分公司,10001-15000
数据分析师,http://company.zhaopin.com/CC558164229.htm,北京完美空间教育科技有限公司,10001-15000
高级大数据测试工程师,http://company.zhaopin.com/P6/CC1488/3255/CC148832559.htm,北京百卓网络技术有限公司,15000-30000
大数据工程师,http://company.zhaopin.com/P3/CC1562/2762/CC156227629.htm,北京亿赛通科技发展有限责任公司,8001-10000
大数据算法工程师,http://company.zhaopin.com/%E5%8C%97%E4%BA%AC%E7%AD%91%E9%BE%99%E4%BF%A1%E6%81%AF%E6%8A%80%E6%9C%AF%E6%9C%89%E9%99%90%E8%B4%A3%E4%BB%BB%E5%85%AC%E5%8F%B8_CC153345410.htm,北京筑龙信息技术有限责任公司,15000-30000
技术总监,http://special.zhaopin.com/pagepublish/15665902/index.html,紫光集团有限公司,35000-60000
海淀桥北 Java      fry,http://company.zhaopin.com/%E5%8C%97%E4%BA%AC%E4%B8%AD%E7%A7%91%E5%BB%BA%E5%8F%8B%E7%A7%91%E6%8A%80%E6%9C%89%E9%99%90%E5%85%AC%E5%8F%B8_CC298565618.htm,北京中科建友科技股份有限公司,10001-15000
图像识别算法工程师（应届硕士）,http://special.zhaopin.com/pagepublish/12403/index.html,汉王科技股份有限公司,10000-20000
资深芯片验证工程师,http://company.zhaopin.com/CC327769832.htm,北京嘉楠捷思信息技术有限公司,15001-20000
资深算法工程师,http://company.zhaopin.com/%E5%8C%97%E4%BA%AC%E6%99%BA%E6%85%A7%E6%98%9F%E5%85%89%E4%BF%A1%E6%81%AF%E6%8A%80%E6%9C%AF%E6%9C%89%E9%99%90%E5%85%AC%E5%8F%B8_CC467352913.htm,北京智慧星光信息技术有限公司,25000-35000
测试开发工程师,http://company.zhaopin.com/CC286165333.htm,北京志博天地人和教育咨询有限公司,10000-20000
云计算工程师（Azure方向）,http://special.zhaopin.com/bj/2013/xhcf062893/jobs.htm,信和财富投资管理(北京)有限公司,15001-20000
搜索高级软件工程师,http://special.zhaopin.com/pagepublish/15665902/index.html,紫光集团有限公司,20000-35000
云监控研发工程师,http://company.zhaopin.com/CZ608869220.htm,北京金山云网络技术有限公司,15000-30000
ESB Developer,http://company.zhaopin.com/CC120230425.htm,国 际 商 业 机 器 (中 国 )有 限 公 司,30001-50000
数据库管理员,http://special.zhaopin.com/bj/2015/zqkj010721,北京掌趣科技股份有限公司,8001-10000
运维工程师,http://special.zhaopin.com/bj/2015/zqkj010721,北京掌趣科技股份有限公司,10001-15000
信息安全讲师/待遇从优,http://company.zhaopin.com/%E5%8C%97%E4%BA%AC%E8%93%9D%E9%B8%A5%E7%A7%91%E6%8A%80%E6%9C%89%E9%99%90%E5%85%AC%E5%8F%B8_CC537445120.htm,蓝鸥科技有限公司,15000-25000
Devops Engineer,http://company.zhaopin.com/CC120230425.htm,国 际 商 业 机 器 (中 国 )有 限 公 司,30001-50000
大数据工程师(001233),http://special.zhaopin.com/pagepublish/13542410/index.html,北京辰安科技股份有限公司,15000-25000
资深安全工程师,http://company.zhaopin.com/CC688310727.htm,易鑫集团,20001-30000
数据分析师（机器学习）,redirecturl?url=http%3a%2f%2fmaker.haier.net%2fcustompage%2findex%2findex.html%3fplatformcode%3dzl&amp;cc=CC121066847J90317237000&amp;sign=B38039DCD217B30005602D61F2BEE9C2,海尔集团公司,面议
算法实习生,http://special.zhaopin.com/bJ/2015/didi070337,滴滴出行,4001-6000
中级核心算法工程师,http://company.zhaopin.com/CC554988981.htm,北京山和朋友们科技有限公司,20000-30000
Windows开发专家,http://special.zhaopin.com/bj/2015/hc032014/enter.html,北京恒昌利通投资管理有限公司,面议
数据ETL工程师,redirecturl?url=http%3a%2f%2fmaker.haier.net%2fcustompage%2findex%2findex.html%3fplatformcode%3dzl&amp;cc=CC121066847J90316337000&amp;sign=B38039DCD217B30005602D61F2BEE9C2,海尔集团公司,面议
Java高级工程师,http://company.zhaopin.com/CC342337632.htm,信联资信服务有限公司,20000-30000
数据库开发工程师,http://company.zhaopin.com/CC412103237.htm,北京悦图遥感科技发展有限公司,12000-24000
手机自动化测试工程师（外派某知名企业）,http://company.zhaopin.com/%E5%8C%97%E4%BA%AC%E6%80%9D%E8%BF%AA%E5%BA%B7%E6%B3%B0%E7%A7%91%E6%8A%80%E6%9C%89%E9%99%90%E5%85%AC%E5%8F%B8_CC361398527.htm,北京思迪康泰科技有限公司,6001-8000
C++开发工程师（视频分析）,http://company.zhaopin.com/CC378647032.htm,北京大视景科技有限公司,10001-15000
测试工程师,http://special.zhaopin.com/pagepublish/13137159/index.html,北京海泰方圆科技股份有限公司,6000-12000
软件开发实习生,http://company.zhaopin.com/CC647755625.htm,中瑞华科(北京)科技有限公司,4500-8000
Web前端开发工程师,http://company.zhaopin.com/CC159197927.htm,北京艾森思科技有限公司,8000-16000
Java高级软件工程师,http://company.zhaopin.com/P2/CC2301/5281/CC230152813.htm,联科集团-联智科技（北京）有限公司,15000-22000
C++系统开发工程师,http://company.zhaopin.com/CC378647032.htm,北京大视景科技有限公司,8000-16000
大数据开发工程师,http://company.zhaopin.com/CC288775884.htm,中青信用管理有限公司,20001-30000
Nodejs高级研发工程师,http://company.zhaopin.com/CC288775884.htm,中青信用管理有限公司,20000-30000
java中级工程师,http://company.zhaopin.com/CC342337632.htm,信联资信服务有限公司,10000-15000
高级全栈开发工程师-真格合作公司-Ptmind,http://company.zhaopin.com/CC509189225.htm,北京真格天成投资管理有限公司,30001-50000
资深PHP工程师,http://company.zhaopin.com/CC300255137.htm,链家网(北京)科技有限公司,20000-40000
深度学习算法工程师,http://company.zhaopin.com/%E5%8C%97%E4%BA%AC%E6%99%BA%E6%85%A7%E7%9C%BC%E7%A7%91%E6%8A%80%E5%8F%91%E5%B1%95%E6%9C%89%E9%99%90%E5%85%AC%E5%8F%B8%E6%B9%96%E5%8D%97%E5%88%86%E5%85%AC%E5%8F%B8_CC489650620.htm,北京智慧眼科技股份有限公司湖南分公司,10001-15000
机器人视觉（图像处理）高级算法工程师,http://special.zhaopin.com/pagepublish/36845798/index.html,北京理工大学智能机器人与系统高精尖创新中心,15001-20000
数据分析师（业务方向）,http://company.zhaopin.com/CC554988981.htm,北京山和朋友们科技有限公司,10000-20000
服务器开发工程师,http://company.zhaopin.com/CZ392037010.htm,北京爱普新媒体科技有限公司,15000-25000
初级C++工程师,http://company.zhaopin.com/P8/CC1206/6667/CC120666677.htm,北京冠群信息技术股份有限公司,6001-8000
高级架构研发工程师,http://special.zhaopin.com/bJ/2015/didi070337,滴滴出行,25000-45000
数据分析师（药物经济）,http://company.zhaopin.com/CC273511830.htm,零氪信息技术(北京)有限公司,15000-25000
软件工程师,http://company.zhaopin.com/CZ385727330.htm,北京声智科技有限公司,8000-16000
JAVA软件开发实习生,http://company.zhaopin.com/CC647755625.htm,中瑞华科(北京)科技有限公司,4500-8000
资深核心算法工程师,http://company.zhaopin.com/CC554988981.htm,北京山和朋友们科技有限公司,25000-40000
图像算法工程师,http://company.zhaopin.com/CZ443820030.htm,芯视界(北京)科技有限公司,20000-35000
高级策略算法实习生,http://special.zhaopin.com/bJ/2015/didi070337,滴滴出行,4001-6000
运维工程师,http://company.zhaopin.com/CC453722483.htm,司马大大(北京)智能系统有限公司,10001-15000
后端开发工程师,http://company.zhaopin.com/CC554329232.htm,北京聪明核桃教育科技有限公司,15000-20000
Java工程师（全栈方向培养）,http://company.zhaopin.com/%E5%8C%97%E4%BA%AC%E5%8D%9A%E6%96%B0%E5%88%9B%E4%BA%BF%E7%A7%91%E6%8A%80%E8%82%A1%E4%BB%BD%E6%9C%89%E9%99%90%E5%85%AC%E5%8F%B8_CC308048711.htm,北京博新创亿科技股份有限公司,10001-15000
运维总监/副总监,http://special.zhaopin.com/pagepublish/13535392/index.html,北京中交兴路信息科技有限公司,25000-35000
数据分析师,http://company.zhaopin.com/CC286404480.htm,北京小易到家电子商务有限公司,10001-15000
数据分析师,http://company.zhaopin.com/%E5%8D%8F%E5%90%88%E9%A3%8E%E7%94%B5%E6%8A%95%E8%B5%84%E6%9C%89%E9%99%90%E5%85%AC%E5%8F%B8_CC189220625.htm,中国风电集团有限公司,10000-20000
深度学习平台方案工程师,http://company.zhaopin.com/CC378616383.htm,北京中科寒武纪科技有限公司,20001-30000
云方向业务部门_Docker工程师,http://company.zhaopin.com/CC120747254.htm,北京思特奇信息技术股份有限公司,8000-14000
云方向业务部门_C/C++工程师,http://company.zhaopin.com/CC120747254.htm,北京思特奇信息技术股份有限公司,8000-15000
核心业务部门_配置管理员,http://company.zhaopin.com/CC120747254.htm,北京思特奇信息技术股份有限公司,6001-8000
数据分析师,http://company.zhaopin.com/CC183636613.htm,福建博思软件股份有限公司,10000-20000
语音识别高级算法-真格投企业合作公司-小典,http://company.zhaopin.com/CC509189225.htm,北京真格天成投资管理有限公司,30001-50000
大数据平台开发工程师,http://company.zhaopin.com/P8/CC1443/9987/CC144399876.htm,上海怡瑞投资管理咨询有限公司,20000-40000
爬虫工程师,http://company.zhaopin.com/CC443746738.htm,阿博茨德(北京)科技有限公司,10000-20000
机器视觉算法工程师,http://company.zhaopin.com/P1/CC1367/0930/CC136709305.htm,北京中矿华沃科技股份有限公司,20001-30000
运维管理部-运维工程师,http://special.zhaopin.com/pagepublish/63130672/index.html,北京社文科技有限公司,7000-10000
AI性能优化工程师,http://inspur.zhaopin.com/,浪潮集团有限公司,10000-20000
机器人软件工程师（导航方向）,http://company.zhaopin.com/CC290780988.htm,北京睿思奥图智能科技有限公司,15000-25000
测试经理,http://company.zhaopin.com/%E9%87%91%E5%B0%9A%E4%BA%92%E8%81%94%28%E5%8C%97%E4%BA%AC%29%E7%A7%91%E6%8A%80%E6%9C%89%E9%99%90%E5%85%AC%E5%8F%B8_CC349954311.htm,北京金尚互联科技股份有限公司,10000-20000
人工智能算法工程师（2018应届生通道）,http://mega.zhaopin.com/,美因健康科技(北京)有限公司,10000-20000
游戏开发工程师（高级）,http://company.zhaopin.com/CC255732484.htm,北京万游网络科技有限公司,15000-25000
人工智能、hadoop、spark兼职讲师,http://company.zhaopin.com/CZ282024680.htm,北京大讲台科技有限公司,10001-15000
搜索研发工程师,http://company.zhaopin.com/CC443746738.htm,阿博茨德(北京)科技有限公司,20001-30000
自然语言处理工程师,http://company.zhaopin.com/CZ241755380.htm,北京因果树网络科技有限公司,20001-30000
机器学习工程师,http://company.zhaopin.com/%E9%87%8D%E5%BA%86%E5%B0%8F%E5%BA%B7%E5%B7%A5%E4%B8%9A%E9%9B%86%E5%9B%A2%E8%82%A1%E4%BB%BD%E6%9C%89%E9%99%90%E5%85%AC%E5%8F%B8_CC465219813.htm,重庆小康工业集团股份有限公司,10001-15000
图形图像算法工程师,http://company.zhaopin.com/CZ458491920.htm,北京全电智领科技有限公司,15001-20000
软件开发工程师（C/C++),http://company.zhaopin.com/CC253298035.htm,北京中科睿芯科技有限公司,8000-15000
SoC设计工程师,http://company.zhaopin.com/CC378616383.htm,北京中科寒武纪科技有限公司,15001-20000
深度学习算法工程师,http://company.zhaopin.com/%E9%87%8D%E5%BA%86%E5%B0%8F%E5%BA%B7%E5%B7%A5%E4%B8%9A%E9%9B%86%E5%9B%A2%E8%82%A1%E4%BB%BD%E6%9C%89%E9%99%90%E5%85%AC%E5%8F%B8_CC465219813.htm,重庆小康工业集团股份有限公司,10001-15000
C++开发工程师,http://company.zhaopin.com/CC290780988.htm,北京睿思奥图智能科技有限公司,15000-25000
白帽子安全专家,http://company.zhaopin.com/CC671044822.htm,青松智慧(北京)科技有限公司,20000-30000
算法工程师,http://company.zhaopin.com/CZ898313420.htm,北京踏歌智行科技有限公司,15000-30000
算法工程师,http://company.zhaopin.com/CC671044822.htm,青松智慧(北京)科技有限公司,25000-50000
Linux测试开发工程师/测试开发主管,http://company.zhaopin.com/CC374935788.htm,北京凝思软件股份有限公司,10000-14000
Openstack运维实施工程师,http://company.zhaopin.com/CZ898829920.htm,上海化云科技有限公司,10000-13000
BI开发工程师（BIS）,http://company.zhaopin.com/P2/CC2301/5281/CC230152813.htm,联科集团-联智科技（北京）有限公司,15000-18000
应用程序开发工程师,http://company.zhaopin.com/P8/CC1443/9987/CC144399876.htm,上海怡瑞投资管理咨询有限公司,20001-30000
算法工程师,http://company.zhaopin.com/%E5%8C%97%E4%BA%AC%E5%9B%BD%E5%9F%BA%E7%A7%91%E6%8A%80%E8%82%A1%E4%BB%BD%E6%9C%89%E9%99%90%E5%85%AC%E5%8F%B8_CC212804513.htm,北京国基科技股份有限公司,10000-20000
BI开发工程师,http://company.zhaopin.com/CC483710523.htm,小米通讯技术有限公司,15000-30000
（高级）数据挖掘工程师,redirecturl?url=http%3a%2f%2ftalent.baidu.com&amp;cc=CC000147543J90293761000&amp;sign=7CA10A034C0F31D11958CFF4DA49FC7A,百度在线网络技术(北京)有限公司,10000-20000
搜狐媒体-新闻客户端-服务器Java研发工程师,http://company.zhaopin.com/CC000016520D90250057000.htm,搜狐媒体,15000-25000
云计算开发测试工程师（安全方向）,redirecturl?url=http%3a%2f%2ftalent.baidu.com&amp;cc=CC000147543J90293771000&amp;sign=7CA10A034C0F31D11958CFF4DA49FC7A,百度在线网络技术(北京)有限公司,10000-20000
云计算开发测试工程师（大数据方向）,redirecturl?url=http%3a%2f%2ftalent.baidu.com&amp;cc=CC000147543J90293773000&amp;sign=7CA10A034C0F31D11958CFF4DA49FC7A,百度在线网络技术(北京)有限公司,10000-20000
云计算研发工程师,redirecturl?url=http%3a%2f%2ftalent.baidu.com&amp;cc=CC000147543J90293764000&amp;sign=7CA10A034C0F31D11958CFF4DA49FC7A,百度在线网络技术(北京)有限公司,10000-20000
硬件测试工程师,http://company.zhaopin.com/CC483710523.htm,小米通讯技术有限公司,10000-20000
数据分析兼职讲师招聘,http://company.zhaopin.com/CZ282024680.htm,北京大讲台科技有限公司,10001-15000
hadoop、spark、人工智能等兼职讲师招聘,http://company.zhaopin.com/CZ282024680.htm,北京大讲台科技有限公司,15001-20000
高级性能测试工程师,http://company.zhaopin.com/CC583896626.htm,航天中认软件测评科技(北京)有限责任公司,8001-10000
系统架构师,http://company.zhaopin.com/CZ445954230.htm,中宜云控互联网科技股份有限公司,15000-25000
高级测试工程师（自动化测试）,http://company.zhaopin.com/P9/CC1485/7408/CC148574083.htm,北京精准沟通传媒科技股份有限公司,10000-18000
大数据开发工程师-北京,http://company.zhaopin.com/P10/CC1315/7709/CC131577094.htm,任子行网络技术股份有限公司,10000-20000
测试开发工程师,http://company.zhaopin.com/%E5%8C%97%E4%BA%AC%E5%8C%97%E5%A4%A7%E8%BD%AF%E4%BB%B6%E5%B7%A5%E7%A8%8B%E5%8F%91%E5%B1%95%E6%9C%89%E9%99%90%E5%85%AC%E5%8F%B8_CC000362500.htm,北京北大软件工程股份有限公司,10000-18000
高级云存储工程师,http://special.zhaopin.com/bj/2013/xhcf062893/jobs.htm,信和财富投资管理(北京)有限公司,30001-50000
数据运维工程师,http://special.zhaopin.com/bf/2015/cqjy061785/,北京产权交易所有限公司,15001-20000
大数据工程师,http://company.zhaopin.com/%E5%8C%97%E4%BA%AC%E5%8C%97%E5%A4%A7%E8%BD%AF%E4%BB%B6%E5%B7%A5%E7%A8%8B%E5%8F%91%E5%B1%95%E6%9C%89%E9%99%90%E5%85%AC%E5%8F%B8_CC000362500.htm,北京北大软件工程股份有限公司,10000-20000
系统运维经理,http://company.zhaopin.com/P3/CC2180/3382/CC218033821.htm,北京金惠新悦科技有限公司,10001-15000
图像算法工程师,http://company.zhaopin.com/P3/CC2180/3382/CC218033821.htm,北京金惠新悦科技有限公司,25000-40000
测试开发岗,http://special.zhaopin.com/pagepublish/12007230/index.html,银清科技(北京)有限公司,10001-15000
技术经理,http://company.zhaopin.com/%E4%B8%8A%E6%B5%B7%E8%93%9D%E7%81%AB%E7%BF%BC%E7%94%B5%E5%AD%90%E5%95%86%E5%8A%A1%E6%9C%89%E9%99%90%E5%85%AC%E5%8F%B8_CC361196318.htm,象翌微链科技发展有限公司,20001-30000
自动化测试工程师,http://company.zhaopin.com/CC631230826.htm,北京指掌易科技有限公司,10001-15000
高级WEB前端工程师（SAAS方向）,http://company.zhaopin.com/CC320449689.htm,易思互动(北京)科技有限公司,20001-30000
数据研发工程师,http://company.zhaopin.com/CC287198086.htm,小船出海教育科技(北京)有限公司,15001-20000
进站博士后（大数据处理方向）,http://special.zhaopin.com/bj/2010/ssxx110228/index.htm,北京尚水信息技术股份有限公司,10001-15000
研发工程师,http://company.zhaopin.com/P3/CC2180/3382/CC218033821.htm,北京金惠新悦科技有限公司,10001-15000
数据分析/挖掘工程师,http://special.zhaopin.com/pagepublish/19017681/index.html,竞技世界(北京)网络技术有限公司,15000-20000
Java架构师,http://company.zhaopin.com/CC419574338.htm,拉卡拉云商网络有限公司,25000-45000
C++开发工程师（物联通信方向）,http://company.zhaopin.com/CC647741629.htm,北京象翌微链计算技术有限公司,15001-20000
网络数据分析师/安全数据分析师,http://company.zhaopin.com/%E5%AE%89%E7%BB%9C%E7%A7%91%E6%8A%80%28%E5%8C%97%E4%BA%AC%29%E6%9C%89%E9%99%90%E5%85%AC%E5%8F%B8_CC428064411.htm,东巽科技(北京)有限公司,20001-30000
高级大数据研发工程师(智慧城市方向),http://company.zhaopin.com/P6/CC1488/3255/CC148832559.htm,北京百卓网络技术有限公司,15000-30000
大数据测试工程师,http://company.zhaopin.com/P6/CC1488/3255/CC148832559.htm,北京百卓网络技术有限公司,10000-15000
数据分析架构师,http://company.zhaopin.com/P6/CC1488/3255/CC148832559.htm,北京百卓网络技术有限公司,15000-30000
安全研究员,http://company.zhaopin.com/P6/CC1488/3255/CC148832559.htm,北京百卓网络技术有限公司,10000-20000
系统工程师-生产部J10981,http://company.zhaopin.com/%E5%8C%97%E4%BA%AC%E7%A5%9E%E5%B7%9E%E7%BB%BF%E7%9B%9F%E4%BF%A1%E6%81%AF%E5%AE%89%E5%85%A8%E7%A7%91%E6%8A%80%E8%82%A1%E4%BB%BD%E6%9C%89%E9%99%90%E5%85%AC%E5%8F%B8_CC393236712.htm,绿盟科技,8001-10000
云平台高级运维工程师J10887,http://company.zhaopin.com/%E5%8C%97%E4%BA%AC%E7%A5%9E%E5%B7%9E%E7%BB%BF%E7%9B%9F%E4%BF%A1%E6%81%AF%E5%AE%89%E5%85%A8%E7%A7%91%E6%8A%80%E8%82%A1%E4%BB%BD%E6%9C%89%E9%99%90%E5%85%AC%E5%8F%B8_CC393236712.htm,绿盟科技,10001-15000
数据运营经理/助理,http://company.zhaopin.com/CC554174721.htm,数据堂(北京)科技股份有限公司,8000-15000
运维工程师,http://company.zhaopin.com/P6/CC1476/8165/CC147681655.htm,北京时代正邦科技股份有限公司,8000-15000
前端开发工程师,http://company.zhaopin.com/P8/CC0001/1147/CC000111474.htm,长城计算机软件与系统有限公司,10000-20000
大数据平台技术负责人,http://company.zhaopin.com/CC406475887.htm,北京伯众联合管理咨询有限公司,30001-50000
高级数据运营经理,http://company.zhaopin.com/CC143301296D90250018000.htm,去哪儿网大住宿事业部,15000-30000
数据开发工程师,http://special.zhaopin.com/pagepublish/13535392/index.html,北京中交兴路信息科技有限公司,15000-25000
大数据开发工程师（智慧城市方向）,http://company.zhaopin.com/P6/CC1488/3255/CC148832559.htm,北京百卓网络技术有限公司,10000-20000
高级运维开发工程师-IT,http://special.zhaopin.com/bj/2012/siwei092527,北京四维图新科技股份有限公司,15001-20000
高级云计算架构师,http://company.zhaopin.com/CC280703830.htm,用友广信网络科技有限公司,30001-50000
IT运维工程师,http://company.zhaopin.com/%E5%8C%97%E4%BA%AC%E5%B8%82%E8%A5%BF%E5%9F%8E%E5%8C%BA%E5%B7%A8%E4%BA%BA%E6%96%87%E5%8C%96%E8%89%BA%E6%9C%AF%E5%9F%B9%E8%AE%AD%E5%AD%A6%E6%A0%A1_CC532459926.htm,北京市西城区巨人文化艺术培训学校,12000-20000
高级测试工程师,http://company.zhaopin.com/%E5%8C%97%E4%BA%AC%E6%99%BA%E6%85%A7%E6%98%9F%E5%85%89%E4%BF%A1%E6%81%AF%E6%8A%80%E6%9C%AF%E6%9C%89%E9%99%90%E5%85%AC%E5%8F%B8_CC467352913.htm,北京智慧星光信息技术有限公司,10000-18000
数据挖掘 - （大数据分析部）,http://company.zhaopin.com/P1/CC1335/3400/CC133534001.htm,北京图为先科技有限公司,13000-25000
Linux高级讲师,http://company.zhaopin.com/CC554316923.htm,决胜教育科技集团股份有限公司,10001-15000
中级研发工程师（Java方向）,http://special.zhaopin.com/pagepublish/13535392/index.html,北京中交兴路信息科技有限公司,15001-20000
数据算法工程师,http://company.zhaopin.com/CC287198086.htm,小船出海教育科技(北京)有限公司,15000-30000
软件驱动工程师,http://company.zhaopin.com/CZ478361530.htm,浙江九州量子信息技术股份有限公司,15001-20000
主机运维,http://company.zhaopin.com/%E9%83%91%E5%B7%9E%E8%BD%AF%E9%80%9A%E5%90%88%E5%8A%9B%E8%AE%A1%E7%AE%97%E6%9C%BA%E6%8A%80%E6%9C%AF%E6%9C%89%E9%99%90%E5%85%AC%E5%8F%B8_CC221909525.htm,郑州软通合力计算机技术有限公司,6000-10000
测试工程师,http://company.zhaopin.com/CC419574338.htm,拉卡拉云商网络有限公司,10000-18000
软件算法工程师,http://company.zhaopin.com/CZ478361530.htm,浙江九州量子信息技术股份有限公司,12000-20000
运维工程师,http://company.zhaopin.com/%E5%8C%97%E4%BA%AC%E8%83%BD%E9%80%9A%E5%A4%A9%E4%B8%8B%E7%BD%91%E7%BB%9C%E6%8A%80%E6%9C%AF%E6%9C%89%E9%99%90%E5%85%AC%E5%8F%B8_CC249418817.htm,北京能通天下网络技术有限公司,8001-10000
安全开发岗J11122,http://company.zhaopin.com/%E5%8C%97%E4%BA%AC%E7%A5%9E%E5%B7%9E%E7%BB%BF%E7%9B%9F%E4%BF%A1%E6%81%AF%E5%AE%89%E5%85%A8%E7%A7%91%E6%8A%80%E8%82%A1%E4%BB%BD%E6%9C%89%E9%99%90%E5%85%AC%E5%8F%B8_CC393236712.htm,绿盟科技,10000-20000
C++服务端开发工程师,http://special.zhaopin.com/pagepublish/19017681/index.html,竞技世界(北京)网络技术有限公司,28000-35000
全栈工程师 Full Stack Engineer,http://special.zhaopin.com/2017/bf/bwtk121378/,Pivotal 毕威拓科技（北京）有限公司,20000-40000
高级测试工程师,http://company.zhaopin.com/%E5%8C%97%E4%BA%AC%E8%83%BD%E9%80%9A%E5%A4%A9%E4%B8%8B%E7%BD%91%E7%BB%9C%E6%8A%80%E6%9C%AF%E6%9C%89%E9%99%90%E5%85%AC%E5%8F%B8_CC249418817.htm,北京能通天下网络技术有限公司,8000-15000
高级数据分析/挖掘工程师,http://special.zhaopin.com/pagepublish/19017681/index.html,竞技世界(北京)网络技术有限公司,25000-42000
高级web开发工程师,http://company.zhaopin.com/CC256036030.htm,北京网思科平科技有限公司,20001-30000
高级Java工程师,http://special.zhaopin.com/pagepublish/12022263/index.html,吉大正元信息技术股份有限公司,15000-25000
高级运维工程师,http://company.zhaopin.com/CC251887530.htm,北京小川在线网络技术有限公司,20000-40000
数据算法工程师,http://company.zhaopin.com/%E5%8C%97%E4%BA%AC%E6%99%BA%E6%85%A7%E5%9B%BE%E7%A7%91%E6%8A%80%E5%8F%91%E5%B1%95%E6%9C%89%E9%99%90%E8%B4%A3%E4%BB%BB%E5%85%AC%E5%8F%B8_CC428599225.htm,北京智慧图科技发展有限责任公司,25000-35000
助理数据分析师（硕士实习生）,http://company.zhaopin.com/P2/CC2131/1131/CC213111311.htm,广州佰聆数据股份有限公司,3000-4000
人工智能工程师,http://company.zhaopin.com/CZ562453020.htm,北京智启蓝墨信息技术有限公司,20000-40000
深度学习实习生,http://company.zhaopin.com/CZ365364320.htm,北京朗视仪器有限公司,5000-10000
高级前端开发工程师,http://company.zhaopin.com/CC323109835.htm,北京果仁宝科技有限公司,30000-40000
高级前端开发工程师,http://company.zhaopin.com/CZ141423100.htm,北京社科赛斯教育科技有限公司,10000-18000
软件架构师（物联网方向）,http://company.zhaopin.com/CC647741629.htm,北京象翌微链计算技术有限公司,15000-25000
数据库测试工程师,http://special.zhaopin.com/bj/2013/xhcf062893/jobs.htm,信和财富投资管理(北京)有限公司,15001-20000
区块链架构师,http://special.zhaopin.com/bj/2013/xhcf062893/jobs.htm,信和财富投资管理(北京)有限公司,30001-50000
数据分析师,http://company.zhaopin.com/CC287198086.htm,小船出海教育科技(北京)有限公司,20001-30000
高级Java,http://company.zhaopin.com/CC419574338.htm,拉卡拉云商网络有限公司,20000-40000
算法工程师/数据分析挖掘工程师,http://special.zhaopin.com/pagepublish/13535392/index.html,北京中交兴路信息科技有限公司,20001-30000
模式识别工程师,http://company.zhaopin.com/%E9%87%8D%E5%BA%86%E5%B0%8F%E5%BA%B7%E5%B7%A5%E4%B8%9A%E9%9B%86%E5%9B%A2%E8%82%A1%E4%BB%BD%E6%9C%89%E9%99%90%E5%85%AC%E5%8F%B8_CC465219813.htm,重庆小康工业集团股份有限公司,10001-15000
网络渗透攻防研究员,http://company.zhaopin.com/P2/CC1656/8401/CC165684013.htm,北京西普阳光教育科技股份有限公司,10001-15000
机器视觉高级算法工程师,http://special.zhaopin.com/pagepublish/33377321/index.html,北京安力斯环境科技股份有限公司,15000-30000
虚拟化运维工程师/云计算工程师,http://special.zhaopin.com/pagepublish/13535392/index.html,北京中交兴路信息科技有限公司,20001-30000
运维工程师,http://special.zhaopin.com/pagepublish/44440521/index.html,共青团中央网络影视中心,10001-15000
广告算法工程师,http://company.zhaopin.com/%E5%8C%97%E4%BA%AC%E6%99%BA%E6%85%A7%E5%9B%BE%E7%A7%91%E6%8A%80%E5%8F%91%E5%B1%95%E6%9C%89%E9%99%90%E8%B4%A3%E4%BB%BB%E5%85%AC%E5%8F%B8_CC428599225.htm,北京智慧图科技发展有限责任公司,20000-40000
Oracle运维工程师,http://special.zhaopin.com/pagepublish/14994941/index.html,中铁信息工程集团有限公司,10000-20000
测试经理（金融互联网行业）,http://company.zhaopin.com/CC409285630.htm,北京云信创富资本管理有限公司,15001-20000
高级程序员+包食宿（大数据方向）,http://company.zhaopin.com/CC453535639.htm,北京海文盈通信息技术有限公司,4001-6000
业务架构师-真格投企业合作公司-Ptmind,http://company.zhaopin.com/CC509189225.htm,北京真格天成投资管理有限公司,30001-50000
机器学习工程师-真格投企业合作公司-Ptmind,http://company.zhaopin.com/CC509189225.htm,北京真格天成投资管理有限公司,30001-50000
研发经理,http://company.zhaopin.com/P3/CC2180/3382/CC218033821.htm,北京金惠新悦科技有限公司,15001-20000
运维开发工程师,http://special.zhaopin.com/pagepublish/13535392/index.html,北京中交兴路信息科技有限公司,15001-20000
gis开发工程师,http://company.zhaopin.com/P1/CC1335/3400/CC133534001.htm,北京图为先科技有限公司,15001-20000
高级人工智能工程师（算法）,http://special.zhaopin.com/pagepublish/19017681/index.html,竞技世界(北京)网络技术有限公司,25000-45000
Web运维工程师,http://company.zhaopin.com/CZ190257810.htm,北京光宇在线科技有限责任公司,10000-15000
数据挖掘实习生,http://company.zhaopin.com/CC646742427.htm,北京精真估信息技术有限公司,2001-4000
数据运维工程师-SGCP运维平台项目组,http://special.zhaopin.com/bj/2012/siwei092527,北京四维图新科技股份有限公司,10001-15000
运维工程师,http://company.zhaopin.com/CC303587618.htm,北京玩蟹科技有限公司,10001-15000
气象数据分析师,http://special.zhaopin.com/pagepublish/12011248/index.html,北京恒泰实达科技股份有限公司,15001-20000
稳定性测试,http://company.zhaopin.com/%E5%8C%97%E4%BA%AC%E6%B9%9B%E8%85%BE%E4%B8%96%E7%BA%AA%E7%A7%91%E6%8A%80%E6%9C%89%E9%99%90%E5%85%AC%E5%8F%B8_CC443697326.htm,北京湛腾世纪科技有限公司,6001-8000
网站/APP运维工程师,http://special.zhaopin.com/pagepublish/12011248/index.html,北京恒泰实达科技股份有限公司,10001-15000
数据管理工程师,http://company.zhaopin.com/CC335272932.htm,中网数据(北京)股份有限公司,30001-50000
测试开发工程师,http://company.zhaopin.com/%E5%8C%97%E4%BA%AC%E4%B8%AD%E7%A7%91%E8%BE%85%E9%BE%99%E7%A7%91%E6%8A%80%E8%82%A1%E4%BB%BD%E6%9C%89%E9%99%90%E5%85%AC%E5%8F%B8_CC443671913.htm,北京中科辅龙科技股份有限公司,8001-10000
测试经理(001417),http://company.zhaopin.com/CZ697350520.htm,鸿合科技有限公司,8001-10000
系统工程师（云计算方向）,http://company.zhaopin.com/P9/CC0004/0448/CC000404489.htm,北京首都在线科技股份有限公司,20001-30000
